ID,StartDate,EndDate,Status,IPAddress,Progress,Duration(inseconds),Finished,RecordedDate,ResponseId,LocationLatitude,LocationLongitude,DistributionChannel,UserLanguage,proloficID,inUS,english,famSLHDs,Q2.4,Q2.4_6_TEXT,age,gender,Q3.2_8_TEXT,race,Q3.3_7_TEXT,ethnicity,AudioCheck,AudioTroubleshoot,P1,P2,P3,Understood?,EP1,EP2,EP3
N1,2021-06-25 14:28:34,2021-06-25 14:39:00,IP Address,71.63.162.182,100,625,True,2021-06-25 14:39:00,R_3IWyVAsLt6193WO,44.06829833984375,-123.07630157470703125,anonymous,EN,5c8946acd47e6a0016a62be6,Yes,"Yes, it is my native language",Yes,I have a family member or friend with a speech and/or language disorder,"",45,Woman,"",White/Caucasian,"",Not Hispanic/Latino,"Yes, I can hear the audio.","",my most memorable moment was riding on the caterpillar,which is a gigantic rollercoaster high above the ground,when I saw how high the caterpillar rose,"Yes, I am ready to begin.","","",""
N2,2021-06-25 14:29:01,2021-06-25 14:47:11,IP Address,97.122.228.226,100,1089,True,2021-06-25 14:47:11,R_30nGRRUM9B975fX,39.738800048828125,-104.9868011474609375,anonymous,EN,60c8d55c6686e160b9da9b8d,Yes,"Yes, it is my native language",Yes,"I have a family member or friend with a speech and/or language disorder,Other",Geriatric Research,71,Woman,"",White/Caucasian,"",Not Hispanic/Latino,"Yes, I can hear the audio.","",... caterpillar,which is a giant rollercoaster high above the ground,x,"Yes, I am ready to begin.","","",""
N3,2021-06-25 14:46:58,2021-06-25 14:59:57,IP Address,68.184.160.127,100,779,True,2021-06-25 14:59:58,R_1QbGH5g1HjLKlAG,35.8686981201171875,-83.48200225830078125,anonymous,EN,5e21deb5cf46ff4bb693fe85,Yes,"Yes, it is my native language",Yes,I have a family member or friend with a speech and/or language disorder,"",47,Man,"",White/Caucasian,"",Not Hispanic/Latino,"Yes, I can hear the audio.","",My most memorable moment was riding on the caterpillar ,which is a gigantic roller coaster high above the ground,when I saw how high the caterpillar rose,"Yes, I am ready to begin.","","",""
N4,2021-06-25 15:13:37,2021-06-25 15:29:59,IP Address,68.42.114.54,100,982,True,2021-06-25 15:30:00,R_1n11nn0YhRtgQev,42.2196044921875,-83.6045989990234375,anonymous,EN,60cf7f0d1b8b0f486d4a54ec,Yes,"Yes, it is my native language",Yes,Other,"",55,Man,"",White/Caucasian,"",Not Hispanic/Latino,"Yes, I can hear the audio.","",my most memorable moment was riding on the caterpillar,which is a gigantic roller coaster high above the ground,when I saw how high the caterpillar rose,"Yes, I am ready to begin.","","",""
N5,2021-06-25 15:21:27,2021-06-25 15:32:28,IP Address,72.215.133.82,100,660,True,2021-06-25 15:32:28,R_UAVXpQDApWqWm9r,29.9700927734375,-90.02539825439453125,anonymous,EN,60d118a6866792321a20330c,Yes,"Yes, it is my native language",Yes,"I previously had a speech, language, and/or hearing disorder","",24,Man,"",White/Caucasian,"",Not Hispanic/Latino,"Yes, I can hear the audio.","","MY most memorable moment was riding on the caterpillar
",Which is a gigantic rollercoaster high above the ground,When I saw how high the caterpillar rose,"Yes, I am ready to begin.","","",""
N6,2021-06-25 15:27:48,2021-06-25 15:37:56,IP Address,35.129.69.47,100,607,True,2021-06-25 15:37:56,R_2OVg14ElovcG6gX,34.0706024169921875,-117.939300537109375,anonymous,EN,5f73f9d9bb461804c60e7bba,Yes,"Yes, it is my native language",Yes,I have a family member or friend with a speech and/or language disorder,"",20,Man,"",Asian American,"",Not Hispanic/Latino,"Yes, I can hear the audio.","",My most memorable moment was riding on the caterpillar. ,Which is a gigantic rollercoaster high above the ground.,"When I saw how high the caterpillar rose,","Yes, I am ready to begin.","","",""
N7,2021-06-25 16:10:50,2021-06-25 16:28:06,IP Address,71.82.30.26,100,1036,True,2021-06-25 16:28:07,R_1pQ0lKPegflOBu7,33.6454010009765625,-86.7014007568359375,anonymous,EN,aprilsgiggle@gmail.com,Yes,"Yes, it is my native language",No,"","",47,Woman,"",White/Caucasian,"",Not Hispanic/Latino,"Yes, I can hear the audio.","",my most memorable moment was riding on the caterpillar,which is a gigantic roller coaster high above the ground,when i saw how high the calipidder rose,"Yes, I am ready to begin.","","",""
N8,2021-06-25 16:27:10,2021-06-25 16:38:03,IP Address,71.191.167.191,100,652,True,2021-06-25 16:38:03,R_aVEYlQfVInPlIDD,39.05029296875,-77.390899658203125,anonymous,EN,5e84c12eb9041d0815c13165,Yes,"Yes, it is my native language",Yes,Other,"",20,Woman,"",Asian American,"",Not Hispanic/Latino,"Yes, I can hear the audio.","",My most memorable moment was riding on the caterpillar.,Which is a gigantic rollercoaster high above the ground.,when I saw how high the caterpillar rose,"Yes, I am ready to begin.","","",""
N9,2021-06-25 16:45:53,2021-06-25 16:58:54,IP Address,70.244.34.40,100,781,True,2021-06-25 16:58:54,R_2q9v8fuL5ZfFJK6,36.07110595703125,-86.71959686279296875,anonymous,EN,60cecaf1b280959620b6b08b,Yes,"Yes, it is my native language",Yes,"I previously had a speech, language, and/or hearing disorder,I have a family member or friend with a speech and/or language disorder","",37,Man,"",White/Caucasian,"",Not Hispanic/Latino,"Yes, I can hear the audio.","",my most memorable moment was riding on the caterpillar,which is a gigantic roller coaster high above the ground,when i saw how high the caterpillar rose,"Yes, I am ready to begin.","","",""
N10,2021-06-25 16:51:37,2021-06-25 17:03:06,IP Address,69.174.144.95,100,689,True,2021-06-25 17:03:07,R_DpGHV0ldCQ2f5lv,41.6558074951171875,-88.22029876708984375,anonymous,EN,60d3f9b634e76f8f4b911ad6,Yes,"Yes, it is my native language",Yes,Other,none,23,Man,"",Asian American,"",Not Hispanic/Latino,"Yes, I can hear the audio.","",my most memorable moment was riding a catipillar,which is a gigantic roller coaster high above the ground,when I saw how high the caterpillar rose,"Yes, I am ready to begin.","","",""
N11,2021-06-26 13:38:00,2021-06-26 13:52:20,IP Address,50.110.10.177,100,859,True,2021-06-26 13:52:21,R_24Oyf2WZLMGyWbf,38.2873992919921875,-81.80699920654296875,anonymous,EN,5cf130a94bb16900014c0865,Yes,"Yes, it is my native language",Yes,I have a family member or friend with a speech and/or language disorder,"",25,Man,"",White/Caucasian,"",Not Hispanic/Latino,"Yes, I can hear the audio.","",My most memorable moment was riding on the caterpillar. ,Which is a gigantic rollercoaster high above the ground.,When I saw how high the caterpillar rose.,"Yes, I am ready to begin.","","",""
N12,2021-06-26 13:52:26,2021-06-26 13:59:53,IP Address,23.28.85.71,100,447,True,2021-06-26 13:59:54,R_27xO0sOVnVn78SY,42.288604736328125,-83.46410369873046875,anonymous,EN,60c16e90119a1cea1089762b,Yes,"Yes, it is my native language",No,"","",23,Woman,"",Asian American,"",Not Hispanic/Latino,"Yes, I can hear the audio.","",my most memorable memory was riding on the caterpillar ,"which is a gigantic rollercoaster, high above the ground",when I saw how high the caterpillar rose,"Yes, I am ready to begin.","","",""
N13,2021-06-26 13:54:04,2021-06-26 14:02:33,IP Address,45.46.78.84,100,508,True,2021-06-26 14:02:33,R_2tTfBgrGRlQIWRP,43.5825042724609375,-70.3513031005859375,anonymous,EN,60d6562174087c2eccf2357f,Yes,"Yes, it is my native language",No,"","",32,Man,"",White/Caucasian,"",Not Hispanic/Latino,"Yes, I can hear the audio.","",My most memorable moment was riding on the caterpillar,which is a gigantic rollercoaster high above the ground,when i saw how high the caterpillar rose,"Yes, I am ready to begin.","","",""
N14,2021-06-26 13:58:19,2021-06-26 14:05:53,IP Address,68.160.239.166,100,454,True,2021-06-26 14:05:54,R_2EcMqJZJCUJhXv1,40.7787017822265625,-73.91320037841796875,anonymous,EN,5ffefaa56d69025c21c75e77,Yes,"Yes, it is my native language",No,"","",29,Woman,"",White/Caucasian,"",Not Hispanic/Latino,"Yes, I can hear the audio.","",my most memorable moment was riding on the caterpillar,which is a gigantic rollercoaster high above the ground,when i saw how high the caterpillar rose,"Yes, I am ready to begin.","","",""
N15,2021-06-26 13:57:01,2021-06-26 14:06:15,IP Address,24.167.163.106,100,554,True,2021-06-26 14:06:16,R_1JQ2Zkp47qu6Wk1,36.032196044921875,-79.85880279541015625,anonymous,EN,60d1f9ee7a5b81f92298d2d1,Yes,"Yes, it is my native language",No,"","",25,Genderqueer,"",Biracial or Multiracial,"",Not Hispanic/Latino,"Yes, I can hear the audio.","",My most memorable moment was riding on the caterpillar.,"Which is a gigantic rollercoaster, high above the ground.",When I saw how high the caterpillar rose.,"Yes, I am ready to begin.","","",""
N16,2021-06-26 13:54:38,2021-06-26 14:07:22,IP Address,108.24.105.179,100,764,True,2021-06-26 14:07:23,R_1EWN7Mskuro9A9t,39.8845062255859375,-74.90670013427734375,anonymous,EN,60cbabd69ddfb4d7243a1e38,Yes,"Yes, it is my native language",No,"","",48,Man,"",White/Caucasian,"",Not Hispanic/Latino,"Yes, I can hear the audio.","",My most memorable moment was riding on the caterpiller,which is a gigantic rollercoaster high above the ground,When I saw how high the catterpiller rose,"Yes, I am ready to begin.","","",""
N17,2021-06-26 13:53:57,2021-06-26 14:10:25,IP Address,67.168.72.206,100,987,True,2021-06-26 14:10:25,R_8cXNQ4EnqPhmIbn,47.6461944580078125,-117.2657012939453125,anonymous,EN,607d9765d894a10031399d61,Yes,"Yes, it is my native language",Yes,Other,none,58,Non-Binary,"",White/Caucasian,"",Not Hispanic/Latino,"Yes, I can hear the audio.","",My most memorable moment was riding on the caterpillar ,which is a gigantic roller coaster high above the ground,when I saw how high the catarpiller rose,"Yes, I am ready to begin.","","",""
N18,2021-06-26 14:04:46,2021-06-26 14:19:00,IP Address,108.75.2.255,100,853,True,2021-06-26 14:19:01,R_1Cd3dxrttIBGyDG,28.3943023681640625,-81.36150360107421875,anonymous,EN,5f6f1cd4cd112047a7b7f453,Yes,"Yes, it is my native language",No,"","",33,Man,"",Black/African American,"",Not Hispanic/Latino,"Yes, I can hear the audio.","",My most memorable moment was riding on the Caterpillar.,Which is a gigantic rollercoaster high above the ground.,"When I saw how high the caterpillar rose,","Yes, I am ready to begin.","","",""
N19,2021-06-26 13:42:18,2021-06-26 14:19:14,IP Address,173.95.252.35,100,2216,True,2021-06-26 14:19:14,R_qUWcViObmynv4d3,35.58380126953125,-80.8639984130859375,anonymous,EN,60d085668b0e5632a01b6112,Yes,"Yes, it is my native language",Yes,I have a family member or friend with a speech and/or language disorder,"",29,Man,"",White/Caucasian,"",Not Hispanic/Latino,"Yes, I can hear the audio.","",My most memorable moment was riding on a caterpillar.,x,When i saw how high the caterpillar rose.,"Yes, I am ready to begin.","","",""
N20,2021-06-26 13:56:34,2021-06-26 14:20:32,IP Address,47.196.200.140,100,1438,True,2021-06-26 14:20:33,R_piTPtLhjOHcgWI1,28.143096923828125,-82.68470001220703125,anonymous,EN,5f2aea5e5f057c43132708d5,Yes,"Yes, it is my native language",Yes,Other,"I am a retired adult health RN, BSN ",60,Woman,"",White/Caucasian,"",Not Hispanic/Latino,"Yes, I can hear the audio.","",my most memorable moment was riding on the caterpillar,which is a gigantic roller coaster high above the ground,when I saw how high the caterpillar rose,"Yes, I am ready to begin.","","",""
N21,2021-06-26 13:45:33,2021-06-26 14:21:34,IP Address,74.65.4.207,100,2161,True,2021-06-26 14:21:35,R_1ffoUu3JmCekJSk,43.0908050537109375,-77.4347991943359375,anonymous,EN,60d31959d5455b09ec614cef,Yes,"Yes, it is my native language",Yes,Other,None,32,Man,"",White/Caucasian,"",Not Hispanic/Latino,"Yes, I can hear the audio.","",my most memorable moment was right in the capital,high above the ground,i saw how the caterpillar rolls,"Yes, I am ready to begin.","","",""
N22,2021-06-26 13:58:59,2021-06-26 14:23:00,IP Address,68.131.6.28,100,1440,True,2021-06-26 14:23:00,R_07Y2C82IAzW2m7T,37.1537933349609375,-76.53900146484375,anonymous,EN,60c50cf6922950b837f7dc9d,Yes,"Yes, it is my native language",No,"","",32,Woman,"",Black/African American,"",Not Hispanic/Latino,"Yes, I can hear the audio.","",My most memorable moment was riding on the caterpillar. ,Which is a gigantic rollercoaster high above the ground.,When I saw how high the caterpillar rose,"Yes, I am ready to begin.","","",""
N23,2021-06-26 14:45:43,2021-06-26 14:53:08,IP Address,174.52.140.95,100,444,True,2021-06-26 14:53:09,R_2axV8MqGUZmJUwG,40.2783050537109375,-111.7198028564453125,anonymous,EN,60d4f5cabdcd7c251a12c154,Yes,"Yes, it is my native language",No,"","",25,Man,"",White/Caucasian,"",Not Hispanic/Latino,"Yes, I can hear the audio.","",My most memorable moment was riding on the caterpillar. ,Which is a gigantic roller coaster high above the ground,when I saw how high the caterpillar rose,"Yes, I am ready to begin.","","",""
N24,2021-06-26 15:00:43,2021-06-26 15:12:01,IP Address,166.205.124.6,100,678,True,2021-06-26 15:12:02,R_2sZo3W0332X0BY4,45.0001068115234375,-93.098602294921875,anonymous,EN,60c7c096903b9b083aa00c4f,Yes,"Yes, it is my native language",No,"","",21,Man,"",White/Caucasian,"",Not Hispanic/Latino,"Yes, I can hear the audio.","",my most memorable moment was riding on the caterpillar,which is a gigantic rollercoaster high above the ground,"when i saw how high the caterpillar rose,","Yes, I am ready to begin.","","",""
N25,2021-06-26 15:44:12,2021-06-26 15:55:24,IP Address,207.237.8.190,100,671,True,2021-06-26 15:55:24,R_9BJM8RknKo0piJb,40.7259979248046875,-73.84799957275390625,anonymous,EN,5d4efe300691a6000193557f,Yes,"Yes, it is my native language",Yes,Other,I have heard of them,48,Woman,"",White/Caucasian,"",Not Hispanic/Latino,"Yes, I can hear the audio.","",My most memorable moment was riding on the caterpillar,which is a gigantic roller coaster high above the ground,When I saw how high the caterpillar rose,"Yes, I am ready to begin.","","",""
N26,2021-06-26 15:46:03,2021-06-26 15:56:58,IP Address,172.251.30.46,100,655,True,2021-06-26 15:56:59,R_2eUxNamNBEmbsTc,34.042999267578125,-117.7555999755859375,anonymous,EN,60d3d5107955fb274e4dc277,Yes,"Yes, it is my native language",Yes,I have a family member or friend with a speech and/or language disorder,"",68,Man,"",White/Caucasian,"",Not Hispanic/Latino,"Yes, I can hear the audio.","",My most memorable moment was riding on the caterpillar.,Which is a gigantic roller coaster high to the ground.,"When I saw how high the caterpillar rose,","Yes, I am ready to begin.","","",""
N27,2021-06-26 15:45:06,2021-06-26 15:58:15,IP Address,71.70.252.167,100,788,True,2021-06-26 15:58:15,R_3HwdlW8G8aCnMgq,35.896392822265625,-78.7115020751953125,anonymous,EN,60c6b4ac3397cc95663dc43c,Yes,"Yes, it is my native language",No,"","",38,Woman,"",White/Caucasian,"",Not Hispanic/Latino,"Yes, I can hear the audio.","",my most memorable moment was riding on the catepillar,which is a gigantic rollercoaster high above the ground,when i saw how high the caterpillar rose,"Yes, I am ready to begin.","","",""
N28,2021-06-26 15:50:14,2021-06-26 15:58:15,IP Address,65.26.86.208,100,481,True,2021-06-26 15:58:15,R_3PdUpbWDvVDaq7r,38.812103271484375,-94.53399658203125,anonymous,EN,60d53b2849eed3b078015d0c,Yes,"Yes, it is my native language",Yes,I have a family member or friend with a speech and/or language disorder,"",22,Man,"",White/Caucasian,"",Hispanic/Latino,"Yes, I can hear the audio.","",My most memorable moment was riding on the caterpillar.,Which is a gigantic rollercoaster high above the ground.,When I saw how high the caterpillar rose,"Yes, I am ready to begin.","","",""
N29,2021-06-26 15:48:49,2021-06-26 15:59:25,IP Address,72.219.53.3,100,635,True,2021-06-26 15:59:25,R_302CGE0GUV4jofR,30.404205322265625,-91.143096923828125,anonymous,EN,60d6aaa8ed8365d939cb267c,Yes,"Yes, it is my native language",Yes,I have a family member or friend with a speech and/or language disorder,"",19,Woman,"",White/Caucasian,"",Hispanic/Latino,"Yes, I can hear the audio.","",My most memorable moment was riding on the caterpillar ,which is a gigantic rollercoaster high above the ground,When I saw how high the caterpillar rose,"Yes, I am ready to begin.","","",""
N30,2021-06-26 15:50:29,2021-06-26 16:00:59,IP Address,70.187.177.110,100,629,True,2021-06-26 16:00:59,R_3CHFo5ic9Q87WUC,33.5157012939453125,-117.71089935302734375,anonymous,EN,60cfe5fa8251716fa8e9077e,Yes,"Yes, it is my native language",No,"","",20,Man,"",White/Caucasian,"",Not Hispanic/Latino,"Yes, I can hear the audio.","",My most memorable moment was riding on the caterpillar.,Which is a gigantic rollercoaster high above the ground.,When I saw how high the caterpillar rose...,"Yes, I am ready to begin.","","",""
N31,2021-06-26 15:48:09,2021-06-26 16:01:01,IP Address,170.205.168.198,100,771,True,2021-06-26 16:01:01,R_3CNwj8euHe9IyTV,32.401092529296875,-83.32019805908203125,anonymous,EN,5ed00568bb7bc80b46b0a88d,Yes,"Yes, it is my native language",No,"","",31,Woman,"",White/Caucasian,"",Not Hispanic/Latino,"Yes, I can hear the audio.","",My most memorable moment was riding on the caterpillar.,which is a gigantic roller coaster high above the ground,"","No, I would like to practice again.",My most memorable moment was riding on the caterpillar,which is a gigantic roller coaster high above the ground.,when I saw how high the caterpillar rose
N32,2021-06-26 15:50:02,2021-06-26 16:01:58,IP Address,99.40.159.133,100,716,True,2021-06-26 16:01:59,R_2Wu9yeVPapkhoDA,38.515899658203125,-90.6352996826171875,anonymous,EN,5f4ab1d2353c890e4f75d193,Yes,"Yes, it is my native language",Yes,I have a family member or friend with a speech and/or language disorder,"",21,Man,"",White/Caucasian,"",Not Hispanic/Latino,"Yes, I can hear the audio.","",My most memorable moment was riding on the caterpillar,Which is a gigantic rollercoaster high above the ground,When I saw how high the caterpillar rose,"Yes, I am ready to begin.","","",""
N33,2021-06-26 15:53:42,2021-06-26 16:02:06,IP Address,67.168.98.156,100,504,True,2021-06-26 16:02:07,R_1pKHwFqWzSxOp5O,47.0110931396484375,-122.875,anonymous,EN,5de8703bead0f17ea717e155,Yes,"Yes, it is my native language",Yes,I have a family member or friend with a speech and/or language disorder,"",23,Man,"",White/Caucasian,"",Not Hispanic/Latino,"Yes, I can hear the audio.","",My most memorable moment was riding on the caterpillar ,Which is a gigantic roller coaster high above the ground,when i saw how high the caterpillar rose,"Yes, I am ready to begin.","","",""
N34,2021-06-26 15:45:26,2021-06-26 16:02:48,IP Address,108.81.65.188,100,1041,True,2021-06-26 16:02:48,R_3HOcTrquuM1mTfn,30.45489501953125,-90.90290069580078125,anonymous,EN,5db603b20ad96c000e3847db,Yes,"Yes, it is my native language",Yes,I have a family member or friend with a speech and/or language disorder,"",47,Man,"",White/Caucasian,"",Hispanic/Latino,"Yes, I can hear the audio.","",my most memorable moment was riding on the ,which is a gigantic roller coaster high above the ground,when I saw how high the caterpillar rose,"Yes, I am ready to begin.","","",""
N35,2021-06-26 15:53:31,2021-06-26 16:05:51,IP Address,69.246.201.218,100,740,True,2021-06-26 16:05:52,R_211zbK3owhdm8Ig,42.161407470703125,-87.96600341796875,anonymous,EN,603429530b194d22930ffddb,Yes,"Yes, it is my native language",Yes,I have a family member or friend with a speech and/or language disorder,"",23,Man,"",White/Caucasian,"",Not Hispanic/Latino,"Yes, I can hear the audio.","",My most memorable moment was riding on the catipillar,Which is a gigantic rollercoaster high above the ground,When I saw how high the caterpillar rose,"Yes, I am ready to begin.","","",""
N36,2021-06-26 15:47:29,2021-06-26 16:07:12,IP Address,136.49.50.30,100,1182,True,2021-06-26 16:07:12,R_2R7D2tmCCBhE6i7,30.3074951171875,-97.7270965576171875,anonymous,EN,5f41ff3b22717b3c81994807,Yes,"Yes, it is my native language",No,"","",28,Woman,"",White/Caucasian,"",Hispanic/Latino,"Yes, I can hear the audio.","",My most memorable moment is riding on the caterpillar. ,Which is a gigantic rollercoaster high above the ground.,When I saw how high the caterpillar rose-,"Yes, I am ready to begin.","","",""
N37,2021-06-26 15:48:28,2021-06-26 16:08:04,IP Address,174.110.41.221,100,1176,True,2021-06-26 16:08:04,R_sHecE09bGyHKWY1,35.001007080078125,-78.93450164794921875,anonymous,EN,60d105cd7e245d9c98c756ab,Yes,"Yes, it is my native language",Yes,I have a family member or friend with a speech and/or language disorder,"",46,Man,"",Black/African American,"",Not Hispanic/Latino,"Yes, I can hear the audio.","",My most memorable moment was riding on a caterpillar.,which is a gigantic roller coaster high above the ground.,"When I saw hoe high the caterpillar rose,","Yes, I am ready to begin.","","",""
N38,2021-06-26 15:58:20,2021-06-26 16:08:46,IP Address,24.88.181.149,100,626,True,2021-06-26 16:08:47,R_23dGuUhseWP9Ifs,36.0406036376953125,-80.26000213623046875,anonymous,EN,5f4b103ad1c4916ef2194978,Yes,"Yes, it is my native language",No,"","",27,Woman,"",White/Caucasian,"",Not Hispanic/Latino,"Yes, I can hear the audio.","",my most memorable moment was riding on the caterpillar ,"which is a gigantic roller coaster, high above the ground",when I saw how high the caterpillar rose,"Yes, I am ready to begin.","","",""
N39,2021-06-26 16:08:26,2021-06-26 16:19:17,IP Address,70.104.132.228,100,651,True,2021-06-26 16:19:18,R_2q4qJDWaxyD6PhG,40.69940185546875,-73.88829803466796875,anonymous,EN,5a063c2d844c7a00015e477d,Yes,"Yes, it is my native language",Yes,I have a family member or friend with a speech and/or language disorder,"",32,Agender,"",White/Caucasian,"",Not Hispanic/Latino,"Yes, I can hear the audio.","",My most memorable moment was riding on a caterpillar.,Which is a gigantic roller coaster high above the ground.,When I saw how high the caterpillar rose.,"Yes, I am ready to begin.","","",""
N40,2021-06-26 15:47:16,2021-06-26 16:22:02,IP Address,73.101.212.208,100,2085,True,2021-06-26 16:22:02,R_3OZ0WDwEJDTfiMN,40.009002685546875,-76.36309814453125,anonymous,EN,57c137bf5b8c510001af5981,Yes,"Yes, it is my native language",Yes,I have a family member or friend with a speech and/or language disorder,"",32,Man,"",White/Caucasian,"",Not Hispanic/Latino,"Yes, I can hear the audio.","",My most memorable moment was riding on the catepillar.,Which is a gigantic rollercoaster high above the ground.,When I saw how high the caterpillar rose. ,"Yes, I am ready to begin.","","",""
N41,2021-06-26 15:53:39,2021-06-26 16:25:42,IP Address,66.191.218.208,100,1922,True,2021-06-26 16:25:42,R_3JyJUCiVkbXs8iy,35.539703369140625,-82.51509857177734375,anonymous,EN,5d1bd1bd998087001c623a73,Yes,"Yes, it is my native language",Yes,"I previously had a speech, language, and/or hearing disorder,I have a family member or friend with a speech and/or language disorder","",30,Man,"",White/Caucasian,"",Not Hispanic/Latino,"Yes, I can hear the audio.","",My most memorable moment was riding on the caterpillar ,Which is a gigantic rollercoaster high above the ground,When I saw how high the caterpillar rose,"Yes, I am ready to begin.","","",""
N42,2021-06-26 16:14:57,2021-06-26 16:27:34,IP Address,104.153.228.65,100,757,True,2021-06-26 16:27:34,R_27eBV2mEy3gAkjn,41.901702880859375,-87.65630340576171875,anonymous,EN,60d63d070abc4e4fee085bd3,Yes,"Yes, it is my native language",Yes,I have a family member or friend with a speech and/or language disorder,"",21,Woman,"",White/Caucasian,"",Not Hispanic/Latino,"Yes, I can hear the audio.","",My most memorable moment was riding on the cattle car.,Which is a gigantic roller coaster high above the ground,When I saw how high the caterpillar rose,"Yes, I am ready to begin.","","",""
N43,2021-06-26 16:14:24,2021-06-26 16:27:35,IP Address,73.149.173.172,100,791,True,2021-06-26 16:27:36,R_1Nfe366UUQkLtRc,42.6282958984375,-71.3311004638671875,anonymous,EN,5b0b77a9d282ff00015b7531,Yes,"Yes, it is my native language",Yes,I have a family member or friend with a speech and/or language disorder,"",20,Man,"",White/Caucasian,"",Prefer not to say,"Yes, I can hear the audio.","",my most memorable moment was riding on the caterpillar.,which is a gigantic rollercoaster high above the ground,when I saw how high the caterpillar rose,"Yes, I am ready to begin.","","",""
N44,2021-06-26 15:52:41,2021-06-26 16:28:04,IP Address,76.88.4.132,100,2122,True,2021-06-26 16:28:04,R_31iyQSrzettPFLW,33.0287017822265625,-117.0845947265625,anonymous,EN,60d2dab835e4cad9ff4ac919,Yes,"Yes, it is my native language",No,"","",28,Man,"",Black/African American,"",Not Hispanic/Latino,"Yes, I can hear the audio.","",The most memorable moment is riding a catapellar,high above the ground,i saw how a caterpillar rolls,"Yes, I am ready to begin.","","",""
N45,2021-06-26 16:49:32,2021-06-26 16:59:21,IP Address,71.120.199.184,100,589,True,2021-06-26 16:59:22,R_1K1FZDalPGLZLiz,36.884796142578125,-76.1472015380859375,anonymous,EN,5ffabff668e50a48d3e34409,Yes,"Yes, it is my native language",Yes,I have a family member or friend with a speech and/or language disorder,"",19,Non-Binary,"",White/Caucasian,"",Hispanic/Latino,"Yes, I can hear the audio.","",My most memorable moment was riding on the caterpillar. ,Which is a gigantic rollercoaster high above the ground.,When I saw how high the caterpillar rose.,"Yes, I am ready to begin.","","",""
N46,2021-06-26 16:54:08,2021-06-26 17:04:24,IP Address,70.176.105.238,100,615,True,2021-06-26 17:04:24,R_2Ce2Q8iIW1e6NBL,33.58990478515625,-112.17389678955078125,anonymous,EN,60cded739978cd1f94367e7a,Yes,"Yes, it is my native language",No,"","",25,Man,"",Asian American,"",Not Hispanic/Latino,"Yes, I can hear the audio.","",my most memorable moment was riding on the X,"which is a gigantic roller coaster, high above the ground",when I saw how high the caterpillar rose,"Yes, I am ready to begin.","","",""
N47,2021-06-26 17:02:48,2021-06-26 17:15:21,IP Address,184.102.106.193,100,753,True,2021-06-26 17:15:23,R_3fUWrWLc8k1QvOD,41.1876983642578125,-74.52919769287109375,anonymous,EN,60ce56d42699a4857f02a46c,Yes,"Yes, it is my native language",Yes,I have a family member or friend with a speech and/or language disorder,"",35,Man,"",White/Caucasian,"",Not Hispanic/Latino,"Yes, I can hear the audio.","",my most remembered moment was riding on a caterpillar ,which is a giant roller coast high above the ground ,when i saw how high the caterpillar rose ,"Yes, I am ready to begin.","","",""
N48,2021-06-26 17:07:54,2021-06-26 17:17:09,IP Address,71.176.70.30,100,555,True,2021-06-26 17:17:09,R_3szG0JCxup1aXLj,43.039093017578125,-76.1277008056640625,anonymous,EN,55a83419fdf99b055f579192,Yes,"Yes, it is my native language",Yes,Other,psychologist who researchers language,37,Man,"",White/Caucasian,"",Not Hispanic/Latino,"Yes, I can hear the audio.","",My most memorable moment was riding on the caterpillar,which is a gigantic rollercoaster high above the ground,when I saw how high the caterpillar rose,"Yes, I am ready to begin.","","",""
N49,2021-06-26 17:07:30,2021-06-26 17:17:41,IP Address,108.52.10.224,100,610,True,2021-06-26 17:17:41,R_1n941DJXfV4bJBm,40.3800048828125,-75.27179718017578125,anonymous,EN,5f4a187b40b01f589fe766eb,Yes,"Yes, it is my native language",Yes,Other,Volunteer work,32,Woman,"",White/Caucasian,"",Not Hispanic/Latino,"Yes, I can hear the audio.","",My most memorable moment was riding on a caterpillar ,Which is a gigantic roller coaster high above the ground,When I saw how high the Caterpillar rose,"Yes, I am ready to begin.","","",""
N50,2021-06-26 17:14:32,2021-06-26 17:26:46,IP Address,174.199.193.10,100,734,True,2021-06-26 17:26:46,R_3fvHPRwX18wOfr3,32.7631988525390625,-85.51439666748046875,anonymous,EN,5ffe37322e58f34798bac49a,Yes,"Yes, it is my native language",No,"","",27,Woman,"",White/Caucasian,"",Not Hispanic/Latino,"Yes, I can hear the audio.","",My most memorable moment was riding on the caterpillar.,"Which is a gigantic roller coaster, high above the ground.",When i saw how high the caterpillar rose,"Yes, I am ready to begin.","","",""
N51,2021-06-26 17:19:56,2021-06-26 17:29:57,IP Address,72.70.37.137,100,601,True,2021-06-26 17:29:58,R_erDyIS6uEwj1Vmh,42.4178009033203125,-71.1134033203125,anonymous,EN,5eea404ec3494f10be3ff5a8,Yes,"Yes, it is my native language",Yes,"I previously had a speech, language, and/or hearing disorder","",29,Woman,"",White/Caucasian,"",Not Hispanic/Latino,"Yes, I can hear the audio.","",My most memorable moment was riding on the caterpillar. ,Which is a gigantic rollercoaster high above the ground,when i saw how high the caterpillar rose,"Yes, I am ready to begin.","","",""
N52,2021-06-26 17:14:55,2021-06-26 17:30:47,IP Address,69.210.142.128,100,951,True,2021-06-26 17:30:48,R_33eZ7JfTAshNX5C,43.01910400390625,-88.01580047607421875,anonymous,EN,5d2a068fd7d4940019e63136,Yes,"Yes, it is my native language",No,"","",74,Woman,"",White/Caucasian,"",Not Hispanic/Latino,"Yes, I can hear the audio.","",My most memorable moment was riding on the caterpillar.,Which is a gigantic roller coaster high above the ground.,When I saw how high the caterpillar rose,"Yes, I am ready to begin.","","",""
N53,2021-06-26 17:09:34,2021-06-26 17:38:51,IP Address,68.96.164.162,100,1756,True,2021-06-26 17:38:52,R_3j1bcp6A6xC77tl,36.002105712890625,-115.147003173828125,anonymous,EN,60a809be2811e9fb313bff38,Yes,"Yes, it is my native language",Yes,I have a family member or friend with a speech and/or language disorder,"",34,Agender,"",Other,Native American/ African amercing,Not Hispanic/Latino,"Yes, I can hear the audio.","",My most memorable moment was riding on the caterpillar,which is a gigantic roller coster riding high above the ground,when I saw how high the caterpillar rose.,"Yes, I am ready to begin.","","",""
N54,2021-06-26 17:22:00,2021-06-26 17:39:17,IP Address,174.23.53.241,100,1037,True,2021-06-26 17:39:18,R_RmHRVVDRYOp8mv7,40.649993896484375,-112.006103515625,anonymous,EN,60ca9b46986f81ab8f603a76,Yes,"Yes, it is my native language",Yes,I have a family member or friend with a speech and/or language disorder,"",67,Woman,"",White/Caucasian,"",Not Hispanic/Latino,"Yes, I can hear the audio.","",My most memorable moment was riding on the caterpillar.,Which is a gigantic rollercoaster high upon the ground.,When I saw how high the caterpillar rose.,"Yes, I am ready to begin.","","",""
N55,2021-06-26 17:29:05,2021-06-26 17:40:55,IP Address,71.229.205.168,100,710,True,2021-06-26 17:40:56,R_2YzTDjLoUESOEaS,40.0142059326171875,-105.28530120849609375,anonymous,EN,60d5c4244751072b5930e108,Yes,"Yes, it is my native language",Yes,I have a family member or friend with a speech and/or language disorder,"",19,Man,"",White/Caucasian,"",Not Hispanic/Latino,"Yes, I can hear the audio.","",My most memorable moment was riding on the caterpillar.,Which is a gigantic rollercoaster which is high above the ground.,x,"No, I would like to practice again.",My most memorable moment was riding on the caterpillar.,Which is a gigantic rollercoaster high above the ground.,"When I saw how high the caterpillar rose,"
N56,2021-06-26 17:30:33,2021-06-26 17:41:27,IP Address,47.222.162.194,100,654,True,2021-06-26 17:41:28,R_1PSp1H23605t1ex,31.6735992431640625,-94.69439697265625,anonymous,EN,5e44d46ad8726835dd8c2325,Yes,"Yes, it is my native language",No,"","",41,Man,"",White/Caucasian,"",Not Hispanic/Latino,"Yes, I can hear the audio.","",My most memorable moment was riding on the caterpillar. ,which is a gigantic roller coaster high above the ground.,when i saw how high the caterpillar rose,"Yes, I am ready to begin.","","",""
N57,2021-06-26 17:31:23,2021-06-26 17:41:52,IP Address,76.178.137.28,100,629,True,2021-06-26 17:41:52,R_1IaWLXmk8yDnCW6,46.73309326171875,-116.989898681640625,anonymous,EN,5f34c90066db5b248cab6a9f,Yes,"Yes, it is my native language",Yes,Other,I have studied them to some extent in my program.,36,Man,"",White/Caucasian,"",Not Hispanic/Latino,"Yes, I can hear the audio.","",my most memorable moment was riding on the caterpillar,which is a gigantic roller-coaster high above the ground.,"When I saw how high the caterpillar rose,","Yes, I am ready to begin.","","",""
N58,2021-06-26 17:28:28,2021-06-26 17:44:34,IP Address,204.2.7.199,100,966,True,2021-06-26 17:44:34,R_3IQ3jef9cSYi3b0,31.1822967529296875,-83.76409912109375,anonymous,EN,5fee61b9b890b1c810e99080,Yes,"Yes, it is my native language",Yes,Other,N/A,20,Woman,"",Black/African American,"",Hispanic/Latino,"Yes, I can hear the audio.","",My most memorable moment was riding on the caterpillar.,Which is a gigantic rollercoaster high above the ground.,When I saw how high the caterpillar rose,"Yes, I am ready to begin.","","",""
N59,2021-06-26 17:26:39,2021-06-26 17:45:36,IP Address,104.54.231.226,100,1136,True,2021-06-26 17:45:37,R_zVvzq8lEfVE3JE5,30.5045013427734375,-97.82089996337890625,anonymous,EN,5d9d1437bf11cf00175ad03e,Yes,"Yes, it is my native language",Yes,Other,I've met people with these types of disorders.,52,Woman,"",White/Caucasian,"",Not Hispanic/Latino,"Yes, I can hear the audio.","",My most memorable moment was riding on the caterpillar.,which is a gigantic rollercoaster which is high above the ground,when I saw how high the caterpillar rose,"Yes, I am ready to begin.","","",""
N60,2021-06-26 17:41:27,2021-06-26 17:53:50,IP Address,71.113.0.39,100,743,True,2021-06-26 17:53:50,R_12RORAaeTfkrfXr,38.4893951416015625,-78.81749725341796875,anonymous,EN,6087308a21c5d44f55c3e296,Yes,"Yes, it is my native language",No,"","",19,Woman,"",White/Caucasian,"",Not Hispanic/Latino,"Yes, I can hear the audio.","",my most memorable moment was riding on the caterpillar,which is a gigantic rollercoaster high above the ground,when i saw how high the caterpillar was,"Yes, I am ready to begin.","","",""
N61,2021-06-26 17:40:52,2021-06-26 17:54:57,IP Address,98.195.207.9,100,844,True,2021-06-26 17:54:57,R_XtbgGRKBuj7RU4N,29.738800048828125,-95.830902099609375,anonymous,EN,60d6817f8e56be12139c0136,Yes,"Yes, it is my native language",Yes,Other,"",28,Woman,"",Black/African American,"",Not Hispanic/Latino,"Yes, I can hear the audio.","",my most memorable moment was riding on a caterpillar ,which is a gigantic roller coaster high above the ground,when i saw how high the caterpillar rose,"Yes, I am ready to begin.","","",""
N62,2021-06-26 17:34:20,2021-06-26 17:55:26,IP Address,108.196.102.107,100,1265,True,2021-06-26 17:55:27,R_um0iHZhWp8TakEh,38.442596435546875,-122.75469970703125,anonymous,EN,5dd37d08c6588f38120fb465,Yes,"Yes, it is my native language",Yes,Other,I have an aquaintance with a speech disorder,48,Woman,"",White/Caucasian,"",Not Hispanic/Latino,"Yes, I can hear the audio.","",My most memorable moment was riding on the Caterpiller,which is a gigantic rollercoaster high above the ground,When I saw how high the Caterpillar rose,"Yes, I am ready to begin.","","",""
N63,2021-06-26 17:45:07,2021-06-26 17:55:37,IP Address,172.78.234.115,100,630,True,2021-06-26 17:55:38,R_3Oe6eOPRaTeZf7c,39.83349609375,-84.8983001708984375,anonymous,EN,60d3bf7186e79d8be99b335e,Yes,"Yes, it is my native language",Yes,"I previously had a speech, language, and/or hearing disorder","",29,Man,"",White/Caucasian,"",Not Hispanic/Latino,"Yes, I can hear the audio.","",My most memorable moment was riding on the caterpillar.,Which is a gigantic rollercoaster high above the ground.,When I saw how high the caterpillar rose,"Yes, I am ready to begin.","","",""
N64,2021-06-26 17:36:27,2021-06-26 17:56:39,IP Address,97.101.72.58,100,1212,True,2021-06-26 17:56:39,R_2AQIE8MTYr3auSH,29.5554046630859375,-81.220703125,anonymous,EN,60cf7e97082b19f0ca8455aa,Yes,"Yes, it is my native language",No,"","",49,Woman,"",White/Caucasian,"",Not Hispanic/Latino,"Yes, I can hear the audio.","",my most memorable moment was riding on a caterpillar.,which is a giant roller coaster high above the ground. ,when i saw how high the caterpillar rose.,"Yes, I am ready to begin.","","",""
N65,2021-06-26 17:42:00,2021-06-26 17:57:38,IP Address,67.186.183.118,100,938,True,2021-06-26 17:57:39,R_1eVunmb0KNj0Vrc,41.548095703125,-73.00119781494140625,anonymous,EN,5e2a425609072a0abb76094b,Yes,"Yes, it is my native language",Yes,Other,My mother is a speech/language pathologist,35,Man,"",White/Caucasian,"",Not Hispanic/Latino,"Yes, I can hear the audio.","",My most memorable moment was riding on the caterpillar,which is a gigantic roller coaster high above the ground,When I saw how high the caterpillar rose,"Yes, I am ready to begin.","","",""
N66,2021-06-26 17:34:13,2021-06-26 17:58:50,IP Address,69.122.51.32,100,1477,True,2021-06-26 17:58:50,R_5tqqzaRalnxuN4R,40.463592529296875,-74.2783966064453125,anonymous,EN,60cf600026a670e910b27622,Yes,"Yes, it is my native language",Yes,Other,i don't have any speech disorder,34,Man,"",White/Caucasian,"",Not Hispanic/Latino,"Yes, I can hear the audio.","",my most memorable moment was riding on a caterpillar,which is a gigantic roller coaster high above the ground,i saw how high the caterpillar rose,"Yes, I am ready to begin.","","",""
N67,2021-06-26 17:37:24,2021-06-26 17:59:39,IP Address,76.103.178.197,100,1335,True,2021-06-26 17:59:40,R_3O30vCNtOtbPoaV,37.7382965087890625,-122.455596923828125,anonymous,EN,5ec4dc2e25162c226e6b79a5,Yes,"Yes, it is my native language",No,"","",43,Man,"","","",Not Hispanic/Latino,"Yes, I can hear the audio.","",my most memorable moment was riding in the caterpillar ,which is a gigantic roller coaster high above the ground ,"when I saw how high the caterpillar rose, ","Yes, I am ready to begin.","","",""
N68,2021-06-26 17:46:23,2021-06-26 18:02:14,IP Address,99.182.203.5,100,950,True,2021-06-26 18:02:14,R_0GRuoRJeSk2FjON,33.1909027099609375,-96.6197967529296875,anonymous,EN,5d84e353a954540015f51437,Yes,"Yes, it is my native language",Yes,I have a family member or friend with a speech and/or language disorder,"",56,Woman,"",White/Caucasian,"",Not Hispanic/Latino,"Yes, I can hear the audio.","",My most memorable moment was riding on the caterpillar.,which is a gigantic rollercoaster high above the ground,when I saw how high the caterpillar rose,"Yes, I am ready to begin.","","",""
N69,2021-06-26 17:49:13,2021-06-26 18:19:05,IP Address,172.220.76.11,100,1792,True,2021-06-26 18:19:06,R_1gwOZb30S0XL3rD,43.1204986572265625,-89.35230255126953125,anonymous,EN,6085cbcddd7ac1e5fe465ebe,Yes,"Yes, it is my native language",Yes,Other,,41,Man,"",White/Caucasian,"",Not Hispanic/Latino,"Yes, I can hear the audio.","",I most memorable moment was writing on the curricular.,Which is a jargiyentic high above the ground.,I saw the curricular worse.,"Yes, I am ready to begin.","","",""
N70,2021-08-25 15:21:50,2021-08-25 15:34:57,IP Address,75.63.30.123,100,786,True,2021-08-25 15:34:57,R_5clTQqwVA8bFfyh,34.1226959228515625,-118.75730133056640625,anonymous,EN,60fc87b630b2179e6c5785ed,Yes,"Yes, it is my native language",No,"","",22,Woman,"",White/Caucasian,"",Not Hispanic/Latino,"Yes, I can hear the audio.","",my most memorable moment was riding on the caterpillar ,which is a gigantic rollercoaster high above the ground,when I saw how high the caterpillar rose,"Yes, I am ready to begin.","","",""
N71,2022-01-05 14:10:16,2022-01-05 14:22:27,IP Address,104.138.152.62,100,731,True,2022-01-05 14:22:27,R_23gagF2YziAyvZ7,36.068206787109375,-80.2928009033203125,anonymous,EN,61004696895aeda4629ecd6e,Yes,"Yes, it is my native language",Yes,"I previously had a speech, language, and/or hearing disorder","",27,Woman,"",White/Caucasian,"",Not Hispanic/Latino,"Yes, I can hear the audio.","",My most memorable moment was riding on the cataphiller.,"which is a gigantic rollercoaster, high above the ground",when I saw how high the cataphiller rose,"Yes, I am ready to begin.","","",""
N72,2022-01-05 14:12:37,2022-01-05 14:25:37,IP Address,163.116.135.123,100,780,True,2022-01-05 14:25:38,R_DeskJK0ioZ4nIfT,40.7487945556640625,-73.9882965087890625,anonymous,EN,610c0c01119bcc4a56ae28b2,Yes,"Yes, it is my native language",Yes,Other,None of the above,25,Woman,"",Asian American,"",Not Hispanic/Latino,"Yes, I can hear the audio.","",My most memorable moment was riding on the x,which is a gigantic roller coaster high above the ground.,when i saw how high the caterpillar rose,"Yes, I am ready to begin.","","",""
N73,2022-01-05 14:24:31,2022-01-05 14:32:21,IP Address,35.139.191.141,100,469,True,2022-01-05 14:32:21,R_zZ0oeCXlhXZ4oBb,28.0164031982421875,-81.9553985595703125,anonymous,EN,60ff23ed41f1414de8b3856b,Yes,"Yes, it is my native language",No,"","",25,Woman,"",White/Caucasian,"",Not Hispanic/Latino,"Yes, I can hear the audio.","",My most memorable moment was riding on the caterpillar,Which is a gigantic rollercoaster high above the ground,When I saw how high the caterpillar rose,"Yes, I am ready to begin.","","",""
N74,2022-01-05 14:23:17,2022-01-05 14:35:23,IP Address,68.195.128.197,100,726,True,2022-01-05 14:35:23,R_2YzXdQKDOe2DgVu,40.742401123046875,-74.032501220703125,anonymous,EN,60ff2ae764a49b87b85a9786,Yes,"Yes, it is my native language",No,"","",25,Woman,"",White/Caucasian,"",Not Hispanic/Latino,"Yes, I can hear the audio.","","",which is a gigantic rollercoaster high above the ground,"when I saw how high the caterpillar rose, ","Yes, I am ready to begin.","","",""
N75,2022-01-05 14:24:03,2022-01-05 14:35:27,IP Address,174.16.209.9,100,684,True,2022-01-05 14:35:28,R_O1EINyJlQpBeMCZ,39.673797607421875,-104.932403564453125,anonymous,EN,5e9108c742d2cd44605d1006,Yes,"Yes, it is my native language",No,"","",54,Woman,"",White/Caucasian,"",Not Hispanic/Latino,"Yes, I can hear the audio.","",My most memorable moment was riding on the caterpillar.,which is a gigantic roller coaster high above the ground,"When I saw how high the caterpillar rose,","Yes, I am ready to begin.","","",""
N76,2022-01-05 14:36:10,2022-01-05 14:46:54,IP Address,68.80.173.123,100,643,True,2022-01-05 14:46:54,R_1BOW7y6Wzht027W,39.7384033203125,-75.6656036376953125,anonymous,EN,60fdaf12a93bbe6e2f510d7a,Yes,"Yes, it is my native language",No,"","",19,Woman,"",White/Caucasian,"",Not Hispanic/Latino,"Yes, I can hear the audio.","",my most memorable moment was riding on the caterpillar,which is a gigantic rollercoaster high above the ground,when i saw how high the caterpillar rose,"Yes, I am ready to begin.","","",""
N77,2022-01-05 14:35:50,2022-01-05 14:49:17,IP Address,24.13.245.102,100,806,True,2022-01-05 14:49:17,R_2PAOR7y6s0KMV93,42.0128021240234375,-88.09670257568359375,anonymous,EN,614e664d1657383cbf801e52,Yes,"Yes, it is my native language",No,"","",36,Man,"",White/Caucasian,"",Not Hispanic/Latino,"Yes, I can hear the audio.","",My most memorable moment was riding on the caterpillar,which is a gigantic rollercoaster high above the ground,When I saw how high the caterpillar rose,"Yes, I am ready to begin.","","",""
N78,2022-01-05 14:42:35,2022-01-05 14:52:21,IP Address,174.97.20.15,100,585,True,2022-01-05 14:52:21,R_1j70F3t0m0Yc02x,39.2606964111328125,-84.411102294921875,anonymous,EN,6131233118f5d4c1beefeaff,Yes,"Yes, it is my native language",No,"","",22,Man,"",White/Caucasian,"",Not Hispanic/Latino,"Yes, I can hear the audio.","",my most memorable moment was riding on the caterpillar ,which is a gigantic rollercoaster high above the ground,when I saw how high the caterpillar rose,"Yes, I am ready to begin.","","",""
N79,2022-01-05 14:43:45,2022-01-05 14:52:33,IP Address,173.17.47.99,100,528,True,2022-01-05 14:52:34,R_2X7L8Z09H06qPuh,41.314300537109375,-93.5879974365234375,anonymous,EN,61147fe0ad281b1f08574891,Yes,"Yes, it is my native language",Yes,I have a family member or friend with a speech and/or language disorder,"",20,Woman,"",White/Caucasian,"",Not Hispanic/Latino,"Yes, I can hear the audio.","",my most memorable moment was riding on the caterpillar,which is a gigantic rollercoaster high above the ground,when I saw how high the caterpillar rose,"Yes, I am ready to begin.","","",""
N80,2022-01-05 14:43:32,2022-01-05 14:55:37,IP Address,73.72.171.117,100,725,True,2022-01-05 14:55:37,R_3nPNLi4AiQaoMa6,41.438995361328125,-87.60269927978515625,anonymous,EN,60130d613d3ca613b04d39bb,Yes,"Yes, it is my native language",No,"","",22,Woman,"",Black/African American,"",Not Hispanic/Latino,"Yes, I can hear the audio.","",my most memorable moment was riding on the caterpillar,which is a gigantic roller coaster high above the ground,when i saw how high the caterpillar rose,"Yes, I am ready to begin.","","",""
N81,2022-01-05 14:37:14,2022-01-05 14:57:39,IP Address,173.68.139.199,100,1225,True,2022-01-05 14:57:40,R_1erPE3oUWs6XVzr,40.7427978515625,-73.97119903564453125,anonymous,EN,6105a3ab3439f5af30a3777b,Yes,"Yes, it is my native language",Yes,Other,I just know that speech disorders exist. I don't know anyone with them nor do I have one myself.,25,Woman,"",White/Caucasian,"",Hispanic/Latino,"Yes, I can hear the audio.","",My most memorable moment was riding on the caterpillar. ,which is a gigantic rollercoaster high above the ground,when I saw how high the caterpillar rose,"Yes, I am ready to begin.","","",""
N82,2022-01-05 14:47:14,2022-01-05 14:59:28,IP Address,160.2.6.70,100,733,True,2022-01-05 14:59:28,R_O2W37jJybrGVsAh,38.4185943603515625,-96.1844024658203125,anonymous,EN,60fce0a6fb6afc3c87491925,Yes,"Yes, it is my native language",No,"","",20,Woman,"",White/Caucasian,"",Not Hispanic/Latino,"Yes, I can hear the audio.","",My most memorable moment was riding on the caterpillar.,Which is a gigantic rollercoaster high above the ground.,"When I saw how high the caterpillar rose,","Yes, I am ready to begin.","","",""
N83,2022-01-05 14:40:21,2022-01-05 15:00:59,IP Address,64.253.8.47,100,1238,True,2022-01-05 15:01:00,R_1ibrOsTfFqqZPpN,32.4300994873046875,-80.669403076171875,anonymous,EN,5e4b0189cdf5a6011838a6a2,Yes,"Yes, it is my native language",No,"","",40,Man,"",White/Caucasian,"",Not Hispanic/Latino,"Yes, I can hear the audio.","",my most memorable moment was riding on the caterpillar ,which is a gigantic roller coaster high above the ground,when I saw how high the caterpillar rose ,"Yes, I am ready to begin.","","",""
N84,2022-01-05 14:42:44,2022-01-05 15:01:32,IP Address,65.186.22.5,100,1128,True,2022-01-05 15:01:32,R_2sRU5ODyXPRlfnY,39.953399658203125,-83.78009796142578125,anonymous,EN,5df7e47ef87bca5760860c2a,Yes,"Yes, it is my native language",Yes,I have a family member or friend with a speech and/or language disorder,"",69,Woman,"",White/Caucasian,"",Not Hispanic/Latino,"Yes, I can hear the audio.","",My most memorable moment was riding on the caterpillar,which is a gigantic roller coaster high above the ground,When I saw how high the caterpillar rose,"Yes, I am ready to begin.","","",""
N85,2022-01-05 14:38:35,2022-01-05 15:04:03,IP Address,96.231.129.170,100,1527,True,2022-01-05 15:04:03,R_1CwoTgMZPtCrwXE,38.9033966064453125,-76.98819732666015625,anonymous,EN,587418895c17910001ea4e75,Yes,"Yes, it is my native language",Yes,I have a family member or friend with a speech and/or language disorder,"",28,Woman,"",Biracial or Multiracial,"",Hispanic/Latino,"Yes, I can hear the audio.","",My most memorable moment was riding on the caterpillar.,Which is a gigantic rollercoaster high above the ground.,When I saw how high the caterpillar rose,"Yes, I am ready to begin.","","",""
N86,2022-01-05 15:13:11,2022-01-05 15:22:32,IP Address,75.177.247.70,100,560,True,2022-01-05 15:22:32,R_3CPinaiCAibEOKn,33.8341064453125,-78.658599853515625,anonymous,EN,5d7267a0ae2d840019fe476d,Yes,"Yes, it is my native language",Yes,I have a family member or friend with a speech and/or language disorder,"",40,Man,"",Biracial or Multiracial,"",Not Hispanic/Latino,"Yes, I can hear the audio.","",My most memorable moment was riding on a caterpillar,Which is a gigantic roller coaster high above the ground,When I saw how high the caterpillar rose,"Yes, I am ready to begin.","","",""
N87,2022-01-05 15:13:28,2022-01-05 15:22:50,IP Address,96.232.81.9,100,561,True,2022-01-05 15:22:50,R_11dbl16hXhMnWH5,40.7259979248046875,-73.84799957275390625,anonymous,EN,60b7a77ccd6f5c19f13e83e6,Yes,"Yes, it is my native language",Yes,I have a family member or friend with a speech and/or language disorder,"",27,Woman,"",Asian American,"",Not Hispanic/Latino,"Yes, I can hear the audio.","",My most memorable moment was riding on the caterpillar,"Which is a giant rollercoaster, high above the ground",When I saw how high the caterpillar rose,"Yes, I am ready to begin.","","",""
N88,2022-01-05 15:13:42,2022-01-05 15:23:34,IP Address,98.180.238.216,100,592,True,2022-01-05 15:23:35,R_1CBeTIDIOWJlfpu,41.38470458984375,-81.7982025146484375,anonymous,EN,60cff3ba91773f75c9504567,Yes,"Yes, it is my native language",No,"","",32,Man,"",White/Caucasian,"",Not Hispanic/Latino,"Yes, I can hear the audio.","",My most memorable moment was riding on a caterpillar.,Which is a gigantic roller coaster high above the ground,When I saw how high the caterpillar rose,"Yes, I am ready to begin.","","",""
N89,2022-01-05 15:15:32,2022-01-05 15:23:50,IP Address,71.63.33.120,100,497,True,2022-01-05 15:23:50,R_2qklrC5W5dJuNjY,38.4893951416015625,-78.81749725341796875,anonymous,EN,61001862463c1eca6db99298,Yes,"Yes, it is my native language",No,"","",19,Woman,"",Biracial or Multiracial,"",Hispanic/Latino,"Yes, I can hear the audio.","","my most memorable moment was riding on the catapiller
",which is a giagantic rollercoaster high above the ground,"when i saw how high the catapiller rose
","Yes, I am ready to begin.","","",""
N90,2022-01-05 15:14:18,2022-01-05 15:24:06,IP Address,47.42.124.32,100,588,True,2022-01-05 15:24:07,R_2f0MVtHRPMpem6f,32.61920166015625,-97.27349853515625,anonymous,EN,60be9f464ad56ccf68bc2342,Yes,"Yes, it is my native language",Yes,I have a family member or friend with a speech and/or language disorder,"",26,Woman,"",White/Caucasian,"",Not Hispanic/Latino,"Yes, I can hear the audio.","",my most memorable moment was riding on the catarpillar ,which is a gigantic rollercoaster high above the ground,when i saw how high the catarpillar rose,"Yes, I am ready to begin.","","",""
N91,2022-01-05 15:17:16,2022-01-05 15:25:04,IP Address,66.66.232.153,100,468,True,2022-01-05 15:25:05,R_2xGcq0EAAA9idPJ,44.32330322265625,-69.76869964599609375,anonymous,EN,5f9858b14dff5d10e5c3cdb3,Yes,"Yes, it is my native language",Yes,I have a family member or friend with a speech and/or language disorder,"",30,Man,"",White/Caucasian,"",Not Hispanic/Latino,"Yes, I can hear the audio.","",My most memorable moment was riding on the caterpillar,"which is a gigantic roller coaster, high above the ground","when i saw how high the caterpillar rose,","Yes, I am ready to begin.","","",""
N92,2022-01-05 15:15:54,2022-01-05 15:25:08,IP Address,68.2.178.33,100,554,True,2022-01-05 15:25:08,R_1rOHQd6O6XGw53x,33.3289031982421875,-111.8657989501953125,anonymous,EN,6110bd9e993f6fa5560b68f5,Yes,"Yes, it is my native language",No,"","",23,Man,"",White/Caucasian,"",Not Hispanic/Latino,"Yes, I can hear the audio.","",My most memorable moment was riding on the caterpillar.,Which is a gigantic roller coaster high above the ground.,When I saw how high the caterpillar rose.,"Yes, I am ready to begin.","","",""
N93,2022-01-05 15:15:59,2022-01-05 15:25:56,IP Address,76.98.29.224,100,596,True,2022-01-05 15:25:56,R_b7rh96NB17V34gF,39.9340057373046875,-75.160003662109375,anonymous,EN,6006f8b3977ac90f0e81d37d,Yes,"Yes, it is my native language",No,"","",19,Woman,"",Asian American,"",Not Hispanic/Latino,"Yes, I can hear the audio.","",My most memorable moment was riding on the caterpillar.,Which is a gigantic rollercoaster high above the ground,When I saw how high the caterpillar rose.,"Yes, I am ready to begin.","","",""
N94,2022-01-05 15:12:58,2022-01-05 15:26:03,IP Address,12.159.84.15,100,784,True,2022-01-05 15:26:03,R_2TSLfHrBUoWmHlh,39.1396942138671875,-86.51409912109375,anonymous,EN,5834b3b550174c00016c0209,Yes,"Yes, it is my native language",Yes,I have a family member or friend with a speech and/or language disorder,"",28,Woman,"",White/Caucasian,"",Not Hispanic/Latino,"Yes, I can hear the audio.","",my most memorable moment was riding on the catepillar ,which is a gigantic rollercoaster high above the ground,when i saw how high the cattepillar rose,"Yes, I am ready to begin.","","",""
N95,2022-01-05 15:12:57,2022-01-05 15:26:03,IP Address,24.229.232.140,100,785,True,2022-01-05 15:26:03,R_1JKGJFgG7bH9B2W,40.527099609375,-75.56169891357421875,anonymous,EN,60fddc1f0d22a2a500daff0b,Yes,"Yes, it is my native language",No,"","",23,Woman,"",White/Caucasian,"",Not Hispanic/Latino,"Yes, I can hear the audio.","",my most memorable moment was riding on the caterpillar. ,Which is a gigantic rollercoaster high above the ground.,When I saw how high the caterpillar rose,"Yes, I am ready to begin.","","",""
N96,2022-01-05 15:16:53,2022-01-05 15:26:13,IP Address,24.178.16.77,100,560,True,2022-01-05 15:26:14,R_8ubBXD96PyIbIEF,42.523193359375,-88.25730133056640625,anonymous,EN,59e91cebae9f950001d8466a,Yes,"Yes, it is my native language",No,"","",31,Woman,"",White/Caucasian,"",Not Hispanic/Latino,"Yes, I can hear the audio.","",My most memorable moment was riding on the caterpillar.,"Which is a gigantic roller coaster, high above the ground.",When I saw how high the caterpillar rose,"Yes, I am ready to begin.","","",""
N97,2022-01-05 15:17:11,2022-01-05 15:26:22,IP Address,173.75.143.11,100,550,True,2022-01-05 15:26:22,R_vYW0pFDMRQGxQlP,40.33709716796875,-79.9900970458984375,anonymous,EN,615b613de1aeca77a48c4125,Yes,"Yes, it is my native language",Yes,Other,None,21,Woman,"",White/Caucasian,"",Not Hispanic/Latino,"Yes, I can hear the audio.","",My most memorable moment was riding on the caterpillar. ,Which is a gigantic rollercoaster high above the ground.,When I saw how high the caterpillar rose,"Yes, I am ready to begin.","","",""
N98,2022-01-05 15:13:09,2022-01-05 15:26:29,IP Address,107.77.210.47,100,800,True,2022-01-05 15:26:29,R_27jsh7FZKjCbqRQ,41.87640380859375,-87.6132965087890625,anonymous,EN,60c81a232837d9f7d4a641bf,Yes,"Yes, it is my native language",Yes,Other,"none of the above, and I have no speech, language, or hearing disorder",51,Woman,"",White/Caucasian,"",Not Hispanic/Latino,"Yes, I can hear the audio.","",My most memorable moment was riding on the caterpillar.,which is a gigantic rollercoaster high above the ground,"when I saw how high the caterpillar rose,","Yes, I am ready to begin.","","",""
N99,2022-01-05 15:13:49,2022-01-05 15:26:52,IP Address,69.137.127.217,100,783,True,2022-01-05 15:26:53,R_2rCkx4s62jdbGMO,37.6875,-85.87470245361328125,anonymous,EN,60f8adb9a315f316c3aee425,Yes,"Yes, it is my native language",Yes,I have a family member or friend with a speech and/or language disorder,"",42,Woman,"",Biracial or Multiracial,"",Not Hispanic/Latino,"Yes, I can hear the audio.","",My most memorable moment was riding on the caterpillar.  ,Which is a gigantic rollercoaster high above the ground.,When I saw how high the caterpillar rose.,"Yes, I am ready to begin.","","",""
N100,2022-01-05 15:14:33,2022-01-05 15:26:53,IP Address,75.80.162.189,100,739,True,2022-01-05 15:26:54,R_2fE9slEdPLk71tZ,33.92120361328125,-118.14239501953125,anonymous,EN,61010400617800821cac834e,Yes,"Yes, it is my second language",Yes,I have a family member or friend with a speech and/or language disorder,"",21,Woman,"",White/Caucasian,"",Hispanic/Latino,"Yes, I can hear the audio.","",My most memorable moment was riding on the caterpillar.,Which is a gigantic rollercoaster high above the ground.,When I saw how high the caterpillar rose.,"Yes, I am ready to begin.","","",""
N101,2022-01-05 15:16:30,2022-01-05 15:27:24,IP Address,70.121.205.13,100,654,True,2022-01-05 15:27:25,R_1GDMEQykGZcXkfT,29.5442962646484375,-98.549896240234375,anonymous,EN,60fcf554fcdfa822c55aae7a,Yes,"Yes, it is my native language",Yes,I have a family member or friend with a speech and/or language disorder,"",18,Woman,"",White/Caucasian,"",Not Hispanic/Latino,"Yes, I can hear the audio.","",my most memorable moment was riding on the caterpillar.,which is a gigantic rollercoaster high above the ground,when I saw how high the caterpillar rose,"Yes, I am ready to begin.","","",""
N102,2022-01-05 15:19:00,2022-01-05 15:27:37,IP Address,100.19.58.106,100,517,True,2022-01-05 15:27:38,R_3PaDvcaLCLShmOy,39.7978973388671875,-75.53170013427734375,anonymous,EN,60fdfd3bcadef18ac4326361,Yes,"Yes, it is my native language",Yes,I have a family member or friend with a speech and/or language disorder,"",21,Woman,"",White/Caucasian,"",Hispanic/Latino,"Yes, I can hear the audio.","",my most memorable moment was riding on the caterpillar ,which is a gigantic rollercoaster high above the ground,"when i saw how high the caterpillar rose, ","Yes, I am ready to begin.","","",""
N103,2022-01-05 15:18:55,2022-01-05 15:27:49,IP Address,73.253.142.160,100,533,True,2022-01-05 15:27:49,R_3gU9fHVKlVYk3G5,41.8578033447265625,-72.6591033935546875,anonymous,EN,5f12a44dadcb8421418b6a80,Yes,"Yes, it is my native language",No,"","",26,Woman,"",White/Caucasian,"",Not Hispanic/Latino,"Yes, I can hear the audio.","",My most memorable moment was riding on the caterpillar ,Which is a gigantic rollercoaster high above the ground ,When I saw how high the caterpillar rose ,"Yes, I am ready to begin.","","",""
N104,2022-01-05 15:17:00,2022-01-05 15:27:56,IP Address,98.46.171.10,100,655,True,2022-01-05 15:27:56,R_9vOPdi8hxtlBujn,41.7996063232421875,-88.00659942626953125,anonymous,EN,60fce85350c52a166bec89fa,Yes,"Yes, it is my native language",No,"","",37,Woman,"",White/Caucasian,"",Not Hispanic/Latino,"Yes, I can hear the audio.","",My most memorable moment was riding on the caterpillar.,Which is a gigantic roller coaster high above the ground.,When I saw how high the caterpillar rose,"Yes, I am ready to begin.","","",""
N105,2022-01-05 15:16:47,2022-01-05 15:28:11,IP Address,173.15.81.77,100,683,True,2022-01-05 15:28:12,R_sd4fyUa50EGt7FL,41.7447967529296875,-87.981903076171875,anonymous,EN,614de166ac5eff203d69b9cd,Yes,"Yes, it is my native language",No,"","",40,Man,"",White/Caucasian,"",Hispanic/Latino,"Yes, I can hear the audio.","",my most memorable moment was writing on a caterpillar ,which is a gigantic rollercoaster high above the ground,when I saw how high the caterpillar rose,"Yes, I am ready to begin.","","",""
N106,2022-01-05 15:12:55,2022-01-05 15:28:15,IP Address,98.26.53.151,100,919,True,2022-01-05 15:28:15,R_2X1zVwvIrz6Bjv7,36.0229034423828125,-78.94640350341796875,anonymous,EN,56ea4f0df20ef3000b947198,Yes,"Yes, it is my native language",Yes,I have a family member or friend with a speech and/or language disorder,"",29,Man,"",Biracial or Multiracial,"",Not Hispanic/Latino,"Yes, I can hear the audio.","",My most memorable moment was riding on the caterpillar.,Which is a gigantic roller coaster high above the ground.,When I saw how high the caterpillar rose.,"Yes, I am ready to begin.","","",""
N107,2022-01-05 15:16:21,2022-01-05 15:28:15,IP Address,67.42.14.172,100,713,True,2022-01-05 15:28:15,R_2aLe5GwHWC8BsU6,45.74090576171875,-121.5973968505859375,anonymous,EN,596bac33670f410001fe9c07,Yes,"Yes, it is my native language",No,"","",28,Woman,"",White/Caucasian,"",Not Hispanic/Latino,"Yes, I can hear the audio.","",My most memorable moment was riding on the caterpillar,Which is a gigantic roller coaster high above the ground,When I saw how high the caterpillar rose,"Yes, I am ready to begin.","","",""
N108,2022-01-05 15:17:33,2022-01-05 15:28:21,IP Address,70.178.49.168,100,647,True,2022-01-05 15:28:22,R_26l5CHnrRyobB8M,36.1804962158203125,-94.53040313720703125,anonymous,EN,58635484a73baa00010db537,Yes,"Yes, it is my native language",No,"","",36,Woman,"",White/Caucasian,"",Not Hispanic/Latino,"Yes, I can hear the audio.","",My most memorable moment was riding on the caterpillar.,Which is a gigantic rollercoaster high above the ground.,When I saw how high the caterpillar rose,"Yes, I am ready to begin.","","",""
N109,2022-01-05 15:18:21,2022-01-05 15:28:36,IP Address,98.195.119.52,100,614,True,2022-01-05 15:28:36,R_1jN6scBY3EHFQbd,29.457794189453125,-95.03420257568359375,anonymous,EN,6108767c9bec77d0e42e3c44,Yes,"Yes, it is my second language",Yes,Other,none,22,Woman,"",White/Caucasian,"",Hispanic/Latino,"Yes, I can hear the audio.","",my most memorable moment was riding on the caterpillar,which is a gigantic rollercoaster high above the ground,when i saw how high the caterpillar rose,"Yes, I am ready to begin.","","",""
N110,2022-01-05 15:17:29,2022-01-05 15:28:37,IP Address,67.6.57.142,100,667,True,2022-01-05 15:28:37,R_27BWbthzGmwmiZG,38.7830047607421875,-90.635101318359375,anonymous,EN,614a18f1ec57a91ab3b09e64,Yes,"Yes, it is my native language",No,"","",20,Woman,"",White/Caucasian,"",Hispanic/Latino,"Yes, I can hear the audio.","",my most memorable moment was riding on the caterpillar,which is a gigantic rollercoaster high above the ground,when I saw how high the caterpillar rose,"Yes, I am ready to begin.","","",""
N111,2022-01-05 15:12:53,2022-01-05 15:28:39,IP Address,174.78.10.188,100,945,True,2022-01-05 15:28:39,R_1NxL2GSkDs2nxjH,32.7404022216796875,-117.135498046875,anonymous,EN,6100c17164f9f4c063f4d25f,Yes,"Yes, it is my native language",Yes,I have a family member or friend with a speech and/or language disorder,"",21,Woman,"",Asian American,"",Not Hispanic/Latino,"Yes, I can hear the audio.","",My most memorable moment was riding on the caterpillar.,Which is a gigantic rollercoaster high above the ground,When I saw how high the caterpillar rose,"Yes, I am ready to begin.","","",""
N112,2022-01-05 15:19:45,2022-01-05 15:28:47,IP Address,172.112.16.195,100,541,True,2022-01-05 15:28:47,R_3j6ew1HfYOCB50q,34.2666015625,-118.7642974853515625,anonymous,EN,616dd3845b2624e9720392fd,Yes,"Yes, it is my native language",No,"","",31,Man,"",White/Caucasian,"",Not Hispanic/Latino,"Yes, I can hear the audio.","",My memorable moment was riding on the caterpillar. ,Which is gigantic rollercoaster above the ground,When I saw the caterpillar rose ,"Yes, I am ready to begin.","","",""
N113,2022-01-05 15:19:00,2022-01-05 15:29:36,IP Address,192.63.85.38,100,635,True,2022-01-05 15:29:36,R_vu98L4JvVzwJKQF,33.2433929443359375,-95.91100311279296875,anonymous,EN,6127017baee75f10aa174139,Yes,"Yes, it is my native language",Yes,I have a family member or friend with a speech and/or language disorder,"",21,Woman,"",White/Caucasian,"",Not Hispanic/Latino,"Yes, I can hear the audio.","",My most memorable moment was riding on the caterpillar.,Which is a gigantic rollercoaster high above the ground.,When I saw how high the caterpillar rose...,"Yes, I am ready to begin.","","",""
N114,2022-01-05 15:12:46,2022-01-05 15:30:08,IP Address,96.246.88.102,100,1042,True,2022-01-05 15:30:09,R_216YjsdExSZycjN,40.8470001220703125,-73.861602783203125,anonymous,EN,5eee3a583a975d29fd3e6f38,Yes,"Yes, it is my native language",Yes,Other,I have learned about these disorders in my course of work and studies,26,Woman,"",Asian American,"",Not Hispanic/Latino,"Yes, I can hear the audio.","",My most memorable moment was riding on the caterpillar ,Which is a gigantic rollercoaster high above the ground,when I saw how high the caterpillar rose,"Yes, I am ready to begin.","","",""
N115,2022-01-05 15:12:55,2022-01-05 15:30:09,IP Address,207.237.118.250,100,1033,True,2022-01-05 15:30:10,R_29gGKrXHtxzKA35,40.76519775390625,-73.95880126953125,anonymous,EN,600c3e0f1567013409d3a1e4,Yes,"Yes, it is my native language",No,"","",26,Man,"",White/Caucasian,"",Not Hispanic/Latino,"Yes, I can hear the audio.","",my most memorable moment was riding on the caterpillar ,which is a gigantic roller coaster high above the ground.,when I saw how high the caterpillar rose ,"Yes, I am ready to begin.","","",""
N116,2022-01-05 15:18:27,2022-01-05 15:30:27,IP Address,108.52.80.145,100,719,True,2022-01-05 15:30:27,R_8CgV5BI9Qd6uVhv,39.92059326171875,-75.1826019287109375,anonymous,EN,60e9c78a617cbabf4732fee6,Yes,"Yes, it is my native language",No,"","",62,Man,"",White/Caucasian,"",Not Hispanic/Latino,"Yes, I can hear the audio.","",My most memorable moment was riding on the caterpillar.,Which is a giantic rollercoaster high above the ground.,When I saw how high the caterpillar rose,"Yes, I am ready to begin.","","",""
N117,2022-01-05 15:16:18,2022-01-05 15:30:38,IP Address,173.54.110.138,100,860,True,2022-01-05 15:30:39,R_3Ny2bFuo9qN1bqu,40.93499755859375,-74.1175994873046875,anonymous,EN,610062d13e744b3dee111d0e,Yes,"Yes, it is my native language",No,"","",21,Woman,"",Prefer not to say,"",Hispanic/Latino,"Yes, I can hear the audio.","",my most memorable moment was riding on the catepillar. ,which is a gigantic rollercoaster high above the ground.,when i saw how high the caterpillar rose,"Yes, I am ready to begin.","","",""
N118,2022-01-05 15:14:33,2022-01-05 15:30:55,IP Address,47.187.138.242,100,981,True,2022-01-05 15:30:55,R_5doFUiAGDAXMNOx,33.0780029296875,-97.06729888916015625,anonymous,EN,61118168a9ca2ebed74c6aba,Yes,"Yes, it is my native language",Yes,Other,"",32,Woman,"",White/Caucasian,"",Not Hispanic/Latino,"Yes, I can hear the audio.","",my most memorable moment was riding on the caterpillar ,which is a gigantic roller coaster high above the ground,when I saw how high the caterpillar rose,"Yes, I am ready to begin.","","",""
N119,2022-01-05 15:16:25,2022-01-05 15:31:23,IP Address,47.201.160.100,100,898,True,2022-01-05 15:31:23,R_3JDvAG4Lu6nKDHu,27.796295166015625,-82.63249969482421875,anonymous,EN,5dcc948ed9873592337ae827,Yes,"Yes, it is my native language",No,"","",60,Woman,"",White/Caucasian,"",Not Hispanic/Latino,"Yes, I can hear the audio.","",my most memorable moment was riding on the caterpillar,which is a gigantic roller-coaster high above the ground,when I saw how high the caterpillar rose,"Yes, I am ready to begin.","","",""
N120,2022-01-05 15:21:10,2022-01-05 15:31:29,IP Address,131.212.249.226,100,618,True,2022-01-05 15:31:29,R_2QLfecGX5HCejSw,44.9763946533203125,-93.2239990234375,anonymous,EN,60fcd4b948397aa3fafdccae,Yes,"Yes, it is my native language",Yes,I have a family member or friend with a speech and/or language disorder,"",22,Woman,"",Biracial or Multiracial,"",Not Hispanic/Latino,"Yes, I can hear the audio.","",my most memorable moment was riding on the caterpillar ,which is a gigantic rollercoaster high above the ground,"When I saw how high the caterpillar rose
","Yes, I am ready to begin.","","",""
N121,2022-01-05 15:21:45,2022-01-05 15:32:13,IP Address,74.79.224.2,100,628,True,2022-01-05 15:32:14,R_33B9igsaaDF3pwo,43.074493408203125,-76.14659881591796875,anonymous,EN,5dfac1ba83907981767ce907,Yes,"Yes, it is my native language",Yes,I have a family member or friend with a speech and/or language disorder,"",29,Woman,"",White/Caucasian,"",Not Hispanic/Latino,"Yes, I can hear the audio.","",my most memorable moment was riding on the caterpillar ,which is a gigantic roller coaster high above the ground,when i saw how high the caterpillar rose ,"Yes, I am ready to begin.","","",""
N122,2022-01-05 15:21:14,2022-01-05 15:32:30,IP Address,65.31.219.227,100,675,True,2022-01-05 15:32:30,R_3KpcaBZVbXjukC2,39.199493408203125,-94.52649688720703125,anonymous,EN,611171b294ac05e4a3ff358b,Yes,"Yes, it is my native language",No,"","",20,Woman,"",White/Caucasian,"",Not Hispanic/Latino,"Yes, I can hear the audio.","",my most memorable moment was riding on the caterpiller,which is a gigantic roller coaster high above the ground,when i saw how high the caterpillar rose,"Yes, I am ready to begin.","","",""
N123,2022-01-05 15:17:12,2022-01-05 15:32:39,IP Address,68.225.108.205,100,927,True,2022-01-05 15:32:39,R_esKZz00oas01lBL,30.306396484375,-90.9427032470703125,anonymous,EN,5da8b26395be5f0017360ad5,Yes,"Yes, it is my native language",Yes,I have a family member or friend with a speech and/or language disorder,"",41,Woman,"",White/Caucasian,"",Not Hispanic/Latino,"Yes, I can hear the audio.","",My most memorable moment was riding on the catapiller.,Which is a gigantic rollercoaster high above the ground.,When i saw how high the caterpillar rose.,"Yes, I am ready to begin.","","",""
N124,2022-01-05 15:16:34,2022-01-05 15:33:12,IP Address,73.98.78.0,100,998,True,2022-01-05 15:33:13,R_WwItQIkhoPRhKs9,34.781402587890625,-106.71399688720703125,anonymous,EN,5e3f21fbfac6271851b422d9,Yes,"Yes, it is my native language",No,"","",58,Woman,"",White/Caucasian,"",Not Hispanic/Latino,"Yes, I can hear the audio.","",my most memorable moment was riding on the caterpillar ,which is a gigantic roller coaster high above the ground ,when I saw how high the caterpillar rose,"Yes, I am ready to begin.","","",""
N125,2022-01-05 15:21:49,2022-01-05 15:33:34,IP Address,209.147.138.244,100,704,True,2022-01-05 15:33:34,R_3j07fAsr9Fpum3P,33.458892822265625,-112.07089996337890625,anonymous,EN,60fcbef1d289419dcbcbc6ee,Yes,"Yes, it is my native language",Yes,Other,"",25,Woman,"",White/Caucasian,"",Not Hispanic/Latino,"Yes, I can hear the audio.","",my most memorable moment was riding on the caterpillar,which is a gigantic roller coaster high above the ground,when I saw how high the Caterpillar rose,"Yes, I am ready to begin.","","",""
N126,2022-01-05 15:22:31,2022-01-05 15:34:34,IP Address,72.222.125.55,100,723,True,2022-01-05 15:34:34,R_1drUuBORmC1o0pW,35.9463043212890625,-95.875701904296875,anonymous,EN,61592ea07347e286bca1955f,Yes,"Yes, it is my native language",No,"","",20,Woman,"",Asian American,"",Not Hispanic/Latino,"Yes, I can hear the audio.","",My most memorable moment was riding on the caterpillar.,Which is a gigantic rollercoaster high above the ground,when I saw how high the caterpillar rose,"Yes, I am ready to begin.","","",""
N127,2022-01-05 15:18:44,2022-01-05 15:35:03,IP Address,67.9.170.51,100,979,True,2022-01-05 15:35:04,R_2ZID9JGp3QzJa8E,27.7888946533203125,-82.71920013427734375,anonymous,EN,60fc718cabd06e4456253d1c,Yes,"Yes, it is my native language",Yes,I am currently an undergraduate or graduate student in a communication science and disorders program,"",21,Woman,"",White/Caucasian,"",Not Hispanic/Latino,"Yes, I can hear the audio.","",My most memorable moment was riding on the caterpillar ,"Which is a gigantic rollercoaster, high above the ground",When I saw how high the caterpillar rose,"Yes, I am ready to begin.","","",""
N128,2022-01-05 15:19:56,2022-01-05 15:35:05,IP Address,45.17.22.21,100,908,True,2022-01-05 15:35:05,R_1Hi8ZjlPwtwoq3a,32.8618927001953125,-97.3426971435546875,anonymous,EN,5b40ff8b3d066d0001609b63,Yes,"Yes, it is my native language",Yes,I have a family member or friend with a speech and/or language disorder,"",42,Woman,"",White/Caucasian,"",Not Hispanic/Latino,"Yes, I can hear the audio.","",My most memorable moment was riding on the caterpillar. ,Which is a gigantic roller coaster high above the ground.,When I saw how high the caterpillar rose.,"Yes, I am ready to begin.","","",""
N129,2022-01-05 15:20:00,2022-01-05 15:36:03,IP Address,73.197.116.221,100,962,True,2022-01-05 15:36:03,R_vYqINYtKlhfHWo1,39.7353973388671875,-74.98380279541015625,anonymous,EN,5edbf245e31b590a6e572482,Yes,"Yes, it is my native language",Yes,I have a family member or friend with a speech and/or language disorder,"",21,Woman,"",White/Caucasian,"",Not Hispanic/Latino,"Yes, I can hear the audio.","",My most memorable moment was riding on the caterpillar. ,which is a gigantic rollercoaster high above the ground,when I saw how high the caterpillar rose ,"Yes, I am ready to begin.","","",""
N130,2022-01-05 15:14:46,2022-01-05 15:36:17,IP Address,73.237.167.201,100,1290,True,2022-01-05 15:36:17,R_2hEQO13UtT6WNA5,33.93719482421875,-84.0791015625,anonymous,EN,610ec37ea0648de28b37fb83,Yes,"Yes, it is my native language",No,"","",58,Woman,"",White/Caucasian,"",Not Hispanic/Latino,"Yes, I can hear the audio.","",My most memorble riding on the caterpiller,which is large rollercoaster,when I saw how high the caterpiller ro,"Yes, I am ready to begin.","","",""
N131,2022-01-05 15:26:37,2022-01-05 15:36:31,IP Address,73.178.152.59,100,594,True,2022-01-05 15:36:32,R_2qmmdNZcxa5vC4h,40.0713043212890625,-74.84490203857421875,anonymous,EN,6119e2fc2605933b16ea87c0,Yes,"Yes, it is my native language",Yes,I have a family member or friend with a speech and/or language disorder,"",21,Woman,"",White/Caucasian,"",Prefer not to say,"Yes, I can hear the audio.","",My most memorable moment was riding on the caterpillar. ,Which is a gigantic rollercoaster high above the ground. ,"When I saw how high the caterpillar rose, ","Yes, I am ready to begin.","","",""
N132,2022-01-05 15:15:00,2022-01-05 15:38:00,IP Address,50.102.145.9,100,1379,True,2022-01-05 15:38:01,R_2cpI9c4F3bkY9vr,41.1371002197265625,-85.06369781494140625,anonymous,EN,614b154d1d77229f9878635b,Yes,"Yes, it is my native language",Yes,I have a family member or friend with a speech and/or language disorder,"",46,Woman,"",Black/African American,"",Not Hispanic/Latino,"Yes, I can hear the audio.","",my most memorable moment was riding on the caterpillar,which is a gigantic rollercoaster high above the ground.,when I saw how high the caterpillar rose,"Yes, I am ready to begin.","","",""
N133,2022-01-05 15:16:26,2022-01-05 15:38:49,IP Address,67.247.126.250,100,1342,True,2022-01-05 15:38:49,R_XSLoL0pDuULA7TP,40.7808990478515625,-73.95020294189453125,anonymous,EN,5b4d39f2d4c93b00019c8217,Yes,"Yes, it is my native language",Yes,I have a family member or friend with a speech and/or language disorder,"",57,Man,"",White/Caucasian,"",Not Hispanic/Latino,"Yes, I can hear the audio.","",MY MOST MEMORABLE MOMENT,WHICH IS A GIGANTIC ROLLER COASTER HIGH ABOVE THE GROUND,WHEN I SAW HOW HIGH THE CATERPILLAR ROSE,"Yes, I am ready to begin.","","",""
N134,2022-01-05 15:13:50,2022-01-05 15:38:59,IP Address,68.102.197.77,100,1508,True,2022-01-05 15:38:59,R_23duY9yHyT5P1ho,37.769805908203125,-97.43289947509765625,anonymous,EN,5c3c6b3d1ede2b000116397e,Yes,"Yes, it is my native language",Yes,Other,n/a,33,Woman,"",Biracial or Multiracial,"",Not Hispanic/Latino,"Yes, I can hear the audio.","",My most memorable moment was riding on the caterpillar.,which is a gigantic roller coaster high above the ground,When I saw how high the caterpillar rose.,"Yes, I am ready to begin.","","",""
N135,2022-01-05 15:25:39,2022-01-05 15:39:24,IP Address,72.225.1.189,100,825,True,2022-01-05 15:39:25,R_3JtuMDlUBdmhDHN,43.0908050537109375,-77.4347991943359375,anonymous,EN,5e3b8f110d41ad3a7bc35019,Yes,"Yes, it is my native language",Yes,Other,none of the above,29,Woman,"",White/Caucasian,"",Not Hispanic/Latino,"Yes, I can hear the audio.","",My most memorable moment was riding on the caterpillar,which is a gigantic roller coaster high above the ground,when I saw how high the caterpillar rose,"Yes, I am ready to begin.","","",""
N136,2022-01-05 15:20:43,2022-01-05 15:44:34,IP Address,76.230.242.102,100,1431,True,2022-01-05 15:44:34,R_3HBRLxWulefBMFk,34.153106689453125,-118.429595947265625,anonymous,EN,607ec28e6a0bde56a9d69ddc,Yes,"Yes, it is my native language",Yes,I have a family member or friend with a speech and/or language disorder,"",57,Man,"",White/Caucasian,"",Not Hispanic/Latino,"Yes, I can hear the audio.","",My most memorable moment was riding on a caterpillar,Which is a gigantic roller coaster high above the ground,When I saw how high the caterpillar rose,"Yes, I am ready to begin.","","",""
N137,2022-01-05 15:28:10,2022-01-05 15:45:15,IP Address,63.152.57.22,100,1025,True,2022-01-05 15:45:16,R_3nUWGW7dlt6BHyJ,42.022796630859375,-91.65720367431640625,anonymous,EN,5dbe5d44aab19f35c5459b57,Yes,"Yes, it is my native language",No,"","",45,Woman,"",White/Caucasian,"",Not Hispanic/Latino,"Yes, I can hear the audio.","",My most memorable moment was riding on the Caterpillar,Which is a gigantic rollercoaster high above the ground,When I saw how high the caterpillar rose,"Yes, I am ready to begin.","","",""
N138,2022-01-05 15:22:06,2022-01-05 15:48:31,IP Address,128.84.126.204,100,1584,True,2022-01-05 15:48:31,R_w16qa3OVavEBOSt,42.44439697265625,-76.4925994873046875,anonymous,EN,56e225c2ec0fdd000641e72d,Yes,"Yes, it is my native language",Yes,I have a family member or friend with a speech and/or language disorder,"",49,Woman,"",White/Caucasian,"",Not Hispanic/Latino,"Yes, I can hear the audio.","",My most memorable moment was riding on the caterpillar.,Which is a gigantic roller coaster high above the ground,When I saw how high the caterpillar rose,"Yes, I am ready to begin.","","",""
N139,2022-01-05 15:38:13,2022-01-05 15:48:34,IP Address,47.200.27.56,100,620,True,2022-01-05 15:48:34,R_3DdqyTcVTOKo9v2,28.1147003173828125,-82.3677978515625,anonymous,EN,5c7cf8b58ca9000001b52f6e,Yes,"Yes, it is my native language",No,"","",30,Man,"",White/Caucasian,"",Not Hispanic/Latino,"Yes, I can hear the audio.","",My most memorable moment was riding on the caterpillar. ,which is a giant rollercoaster high above the ground,When I saw how high the caterpillar rose.,"Yes, I am ready to begin.","","",""
N140,2022-01-05 15:32:21,2022-01-05 16:21:04,IP Address,67.174.32.173,100,2923,True,2022-01-05 16:21:04,R_Ant45soOLaJbGZb,37.06170654296875,-120.8632049560546875,anonymous,EN,5d6394518df2870001a74b42,Yes,"Yes, it is my native language",Yes,I have a family member or friend with a speech and/or language disorder,"",25,Woman,"",White/Caucasian,"",Hispanic/Latino,"Yes, I can hear the audio.","",my most memorable moment was riding on the caterpillar ,which is a gigantic rollercoaster high above the ground ,when i saw how high the caterpillar rose ,"Yes, I am ready to begin.","","",""
